#node	identifier	x_position	y_position	color	annotation
ABCA1	3702.AT2G41700.1	0.7127031019202363	0.5055102040816326	rgb(180,239,117)	ATP-binding cassette A1 (ABCA1); Its function is described as ATPase activity, coupled to transmembrane movement of substances, amino acid transmembrane transporter activity; Located in plasma membrane; Expressed in 24 plant structures; Expressed during 15 growth stages; Contains the following InterPro domains: ATPase, AAA+ type, core (InterPro:IPR003593), ABC transporter-like (InterPro:IPR003439), ABC transporter, conserved site (InterPro:IPR017871); BEST Arabidopsis thaliana protein match is: ATP-binding cassette A2 (TAIR:AT3G47730.1); Has 809471 Blast hits to 378826 proteins in 4091 [...] 
ABCA7	3702.AT3G47780.1	0.26935007385524373	0.7987755102040817	rgb(117,239,133)	Member of ATH subfamily
AHBP-1B	3702.AT5G06950.1	0.6083456425406204	0.8404081632653062	rgb(117,208,239)	bZIP transcription factor family protein; Transcriptional activator that binds specifically to the DNA sequence 5'-TGACG-3'. Recognizes ocs elements like the as-1 motif of the cauliflower mosaic virus 35S promoter. Binding to the as-1-like cis elements mediate auxin- and salicylic acid-inducible transcription. Required to induce the systemic acquired resistance (SAR) via the regulation of pathogenesis-related genes expression. Binding to the as-1 element of PR-1 promoter is salicylic acid- inducible and mediated by NPR1. Could also bind to the C-boxes (5'-ATGACGTCAT-3') with high affinity
AIP2	3702.AT5G20910.1	0.16299852289512556	0.40816326530612246	rgb(117,153,239)	E3 ubiquitin-protein ligase AIP2; E3 ubiquitin-protein ligase that acts as a negative regulator of abscisic acid (ABA) signaling. Mediates ubiquitination and subsequent proteasomal degradation of the transcription factor ABI3
ARIA	3702.AT5G19330.1	0.22747415066469717	0.36714285714285716	rgb(117,163,239)	ARM repeat protein interacting with  ABF2; May act as a substrate-specific adapter of an E3 ubiquitin-protein ligase complex (CUL3-RBX1-BTB) which mediates the ubiquitination and subsequent proteasomal degradation of target proteins (By similarity). Acts as a positive regulator of ABA response via the modulation of the transcriptional activity of ABF2, a transcription factor which controls ABA-dependent gene expression via the G-box-type ABA-responsive elements. Negative regulator of seed germination and young seedling growth
AT1G02660	3702.AT1G02660.1	0.5179468242245199	0.5073469387755102	rgb(255,175,101)	alpha/beta-Hydrolases superfamily protein; Its function is described as triglyceride lipase activity; Involved in lipid metabolic process; Located in cellular_component unknown; Expressed in 24 plant structures; Expressed during 15 growth stages; Contains the following InterPro domains: Lipase, class 3 (InterPro:IPR002921); BEST Arabidopsis thaliana protein match is: alpha/beta-Hydrolases superfamily protein (TAIR:AT3G62590.1); Has 747 Blast hits to 737 proteins in 148 species: Archae - 0; Bacteria - 27; Metazoa - 209; Fungi - 146; Plants - 175; Viruses - 15; Other Eukaryotes - 175 (so [...] 
AT1G04560	3702.AT1G04560.1	0.7818316100443132	0.6114285714285715	rgb(178,171,0)	Uncharacterized protein At1g04560; AWPM-19-like family protein; Its function is described as molecular_function unknown; Involved in biological_process unknown; Located in endomembrane system; Contains the following InterPro domains: AWPM-19-like (InterPro:IPR008390); BEST Arabidopsis thaliana protein match is: AWPM-19-like family protein (TAIR:AT5G46530.1); Has 177 Blast hits to 177 proteins in 19 species: Archae - 0; Bacteria - 0; Metazoa - 0; Fungi - 0; Plants - 177; Viruses - 0; Other Eukaryotes - 0 (source: NCBI BLink)
AT1G06890	3702.AT1G06890.1	0.4388478581979321	0.43448979591836734	rgb(101,255,163)	Nodulin MtN21 /EamA-like transporter family protein; Nucleotide-sugar transporter that transports UDP-xylose and UMP in a strict counter-exchange mode
AT1G11050	3702.AT1G11050.1	0.3710487444608567	0.5906122448979593	rgb(150,101,255)	Probable receptor-like protein kinase At1g11050; Protein kinase superfamily protein; Its function is described as kinase activity; Involved in protein amino acid phosphorylation; Located in endomembrane system; Expressed in 18 plant structures; Expressed during 10 growth stages; Contains the following InterPro domains: Protein kinase, ATP binding site (InterPro:IPR017441), Protein kinase, catalytic domain (InterPro:IPR000719), Serine/threonine-protein kinase-like domain (InterPro:IPR017442), Protein kinase-like domain (InterPro:IPR011009), Serine/threonine-protein kinase, active site ( [...] 
AT1G12390	3702.AT1G12390.1	0.3484490398818316	0.6634693877551021	rgb(239,117,117)	Cornichon family protein; Its function is described as molecular_function unknown; Involved in intracellular signaling pathway; Located in endomembrane system, membrane; Contains the following InterPro domains: Cornichon (InterPro:IPR003377); BEST Arabidopsis thaliana protein match is: Cornichon family protein (TAIR:AT1G12340.1); Has 617 Blast hits to 617 proteins in 176 species: Archae - 0; Bacteria - 0; Metazoa - 324; Fungi - 159; Plants - 93; Viruses - 0; Other Eukaryotes - 41 (source: NCBI BLink)
AT1G12930	3702.AT1G12930.1	0.426218611521418	0.29244897959183674	rgb(239,120,117)	ARM repeat superfamily protein; Its function is described as binding; Involved in biological_process unknown; Located in cellular_component unknown; Expressed in 23 plant structures; Expressed during 13 growth stages; Contains the following InterPro domains: Exportin-1/Importin-beta-like (InterPro:IPR013598), Armadillo-type fold (InterPro:IPR016024); BEST Arabidopsis thaliana protein match is: ARM repeat superfamily protein (TAIR:AT5G62600.1); Has 493 Blast hits to 488 proteins in 159 species: Archae - 0; Bacteria - 0; Metazoa - 237; Fungi - 137; Plants - 74; Viruses - 0; Other Eukaryo [...] 
AT1G19330	3702.AT1G19330.3	0.5172821270310193	0.08061224489795919	rgb(239,131,117)	Histone deacetylase complex subunit; Unknown protein; Its function is described as molecular_function unknown; Involved in biological_process unknown; Located in cellular_component unknown; Expressed in 22 plant structures; Expressed during 13 growth stages; BEST Arabidopsis thaliana protein match is: unknown protein (TAIR:AT1G75060.1)
AT1G20370	3702.AT1G20370.1	0.4501477104874446	0.46571428571428575	rgb(239,134,117)	Pseudouridine synthase family protein; Its function is described as pseudouridine synthase activity; Involved in pseudouridine synthesis, RNA modification; Located in cellular_component unknown; Expressed in 22 plant structures; Expressed during 13 growth stages; Contains the following InterPro domains: Pseudouridine synthase, catalytic domain (InterPro:IPR020103), Pseudouridine synthase I, TruA, N-terminal (InterPro:IPR020094), Pseudouridine synthase I, TruA, alpha/beta domain (InterPro:IPR020097), Pseudouridine synthase I, TruA, C-terminal (InterPro:IPR020095), Pseudouridine synthase [...] 
AT1G26930	3702.AT1G26930.1	0.7918020679468243	0.6842857142857144	rgb(239,148,117)	Galactose oxidase/kelch repeat superfamily protein; Its function is described as molecular_function unknown; Involved in biological_process unknown; Located in peroxisome; Expressed in 18 plant structures; Expressed during 8 growth stages; Contains the following InterPro domains: Galactose oxidase/kelch, beta-propeller (InterPro:IPR011043), Kelch repeat type 1 (InterPro:IPR006652), Kelch related (InterPro:IPR013089), Kelch-type beta propeller (InterPro:IPR015915); BEST Arabidopsis thaliana protein match is: Galactose oxidase/kelch repeat superfamily protein (TAIR:AT1G14330.1); Has 7430 [...] 
AT1G29680	3702.AT1G29680.1	0.4501477104874446	0.35122448979591836	rgb(239,158,117)	Protein of unknown function (DUF1264); Contains the following InterPro domains: Protein of unknown function DUF1264 (InterPro:IPR010686); BEST Arabidopsis thaliana protein match is: Protein of unknown function (DUF1264) (TAIR:AT5G45690.1); Has 286 Blast hits to 286 proteins in 122 species: Archae - 0; Bacteria - 120; Metazoa - 0; Fungi - 64; Plants - 100; Viruses - 0; Other Eukaryotes - 2 (source: NCBI BLink)
AT1G30630	3702.AT1G30630.1	0.22880354505169864	0.5324489795918367	rgb(239,161,117)	Coatomer subunit epsilon-1; The coatomer is a cytosolic protein complex that binds to dilysine motifs and reversibly associates with Golgi non- clathrin-coated vesicles, which further mediate biosynthetic protein transport from the ER, via the Golgi up to the trans Golgi network. The coatomer complex is required for budding from Golgi membranes, and is essential for the retrograde Golgi-to-ER transport of dilysine-tagged proteins (By similarity)
AT1G33811	3702.AT1G33811.1	0.5179468242245199	0.6842857142857144	rgb(239,168,117)	GDSL-like Lipase/Acylhydrolase superfamily protein; Its function is described as hydrolase activity, acting on ester bonds, carboxylesterase activity; Involved in lipid metabolic process; Located in endomembrane system; Expressed in 18 plant structures; Expressed during 13 growth stages; Contains the following InterPro domains: Lipase, GDSL (InterPro:IPR001087); BEST Arabidopsis thaliana protein match is: GDSL-like Lipase/Acylhydrolase superfamily protein (TAIR:AT5G45670.1); Has 3440 Blast hits to 3395 proteins in 215 species: Archae - 0; Bacteria - 336; Metazoa - 0; Fungi - 3; Plants  [...] 
AT1G48900	3702.AT1G48900.1	0.4248892171344165	0.24285714285714283	rgb(239,172,117)	Signal recognition particle, SRP54 subunit protein; Binds to the signal sequence of presecretory protein when they emerge from the ribosomes and transfers them to TRAM (translocating chain-associating membrane protein)
AT1G49330	3702.AT1G49330.1	0.3258493353028065	0.6322448979591837	rgb(239,175,117)	Hydroxyproline-rich glycoprotein family protein; BEST Arabidopsis thaliana protein match is: unknown protein (TAIR:AT2G16190.1); Has 882 Blast hits to 731 proteins in 140 species: Archae - 0; Bacteria - 49; Metazoa - 218; Fungi - 71; Plants - 381; Viruses - 66; Other Eukaryotes - 97 (source: NCBI BLink)
AT1G73180	3702.AT1G73180.1	0.44615952732644015	0.13938775510204082	rgb(239,216,117)	Eukaryotic translation initiation factor eIF2A family protein; Functions in the early steps of protein synthesis of a small number of specific mRNAs. Acts by directing the binding of methionyl-tRNAi to 40S ribosomal subunits. In contrast to the eIF- 2 complex, it binds methionyl-tRNAi to 40 S subunits in a codon- dependent manner, whereas the eIF-2 complex binds methionyl-tRNAi to 40 S subunits in a GTP-dependent manner. May act by impiging the expression of specific proteins
AT1G73200	3702.AT1G73200.1	0.29194977843426884	0.6010204081632654	rgb(239,220,117)	Putative integral membrane protein conserved region (DUF2404); Its function is described as phosphoinositide binding; Involved in signal transduction; Located in vacuole; Expressed in 25 plant structures; Expressed during 14 growth stages; Contains the following InterPro domains: Protein of unknown function DUF2404, transmembrane (InterPro:IPR019411), Pleckstrin homology (InterPro:IPR001849); BEST Arabidopsis thaliana protein match is: Putative integral membrane protein conserved region (DUF2404) (TAIR:AT1G17820.1); Has 453 Blast hits to 336 proteins in 147 species: Archae - 0; Bacteri [...] 
AT1G74240	3702.AT1G74240.1	0.29194977843426884	0.569795918367347	rgb(239,223,117)	Mitochondrial substrate carrier family protein; Its function is described as binding; Involved in transport, mitochondrial transport, transmembrane transport; Located in mitochondrial inner membrane, membrane; Expressed in 11 plant structures; Expressed during 6 growth stages; Contains the following InterPro domains: Mitochondrial carrier protein (InterPro:IPR002067), Mitochondrial substrate carrier (InterPro:IPR001993), Mitochondrial substrate/solute carrier (InterPro:IPR018108); BEST Arabidopsis thaliana protein match is: S-adenosylmethionine carrier 1 (TAIR:AT4G39460.2); Has 26278 B [...] 
AT1G76880	3702.AT1G76880.1	0.31454948301329394	0.7553061224489797	rgb(239,237,117)	Duplicated homeodomain-like superfamily protein; Contains the following InterPro domains: SANT, DNA-binding (InterPro:IPR001005), MYB-like (InterPro:IPR017877); BEST Arabidopsis thaliana protein match is: Duplicated homeodomain-like superfamily protein (TAIR:AT1G76890.2); Has 4096 Blast hits to 3293 proteins in 319 species: Archae - 0; Bacteria - 232; Metazoa - 1014; Fungi - 378; Plants - 799; Viruses - 55; Other Eukaryotes - 1618 (source: NCBI BLink)
AT1G78280	3702.AT1G78280.1	0.6761447562776958	0.7259183673469388	rgb(238,239,117)	Transferases, transferring glycosyl groups; Contains the following InterPro domains: Transcription factor jumonji/aspartyl beta-hydroxylase (InterPro:IPR003347), F-box domain, cyclin-like (InterPro:IPR001810), F-box domain, Skp2-like (InterPro:IPR022364), Transcription factor jumonji (InterPro:IPR013129), Aminoglycoside phosphotransferase (InterPro:IPR002575), Protein kinase-like domain (InterPro:IPR011009); BEST Arabidopsis thaliana protein match is: unknown protein (TAIR:AT5G06550.1); Has 1510 Blast hits to 1497 proteins in 307 species: Archae - 0; Bacteria - 312; Metazoa - 658; Fung [...] 
AT2G16630	3702.AT2G16630.1	0.26935007385524373	0.403265306122449	rgb(228,239,117)	Pollen Ole e 1 allergen and extensin family protein; Located in endomembrane system; Expressed in 21 plant structures; Expressed during 13 growth stages; Contains the following InterPro domains: Pollen Ole e 1 allergen/extensin (InterPro:IPR006041); Has 30201 Blast hits to 17322 proteins in 780 species: Archae - 12; Bacteria - 1396; Metazoa - 17338; Fungi - 3422; Plants - 5037; Viruses - 0; Other Eukaryotes - 2996 (source: NCBI BLink)
AT2G20515	3702.AT2G20515.1	0.7778434268833089	0.47612244897959183	rgb(224,239,117)	Unknown protein; Its function is described as molecular_function unknown; Involved in biological_process unknown; Located in endomembrane system; Expressed in 16 plant structures; Expressed during 7 growth stages; Has 71 Blast hits to 71 proteins in 14 species: Archae - 0; Bacteria - 0; Metazoa - 0; Fungi - 0; Plants - 71; Viruses - 0; Other Eukaryotes - 0 (source: NCBI BLink)
AT2G23540	3702.AT2G23540.1	0.6535450516986707	0.25755102040816324	rgb(217,239,117)	GDSL-like Lipase/Acylhydrolase superfamily protein; Its function is described as hydrolase activity, acting on ester bonds, carboxylesterase activity; Involved in lipid metabolic process; Located in endomembrane system; Expressed in embryo, hypocotyl, root, flower; Expressed during 4 anthesis, C globular stage; Contains the following InterPro domains: Lipase, GDSL (InterPro:IPR001087); BEST Arabidopsis thaliana protein match is: GDSL-like Lipase/Acylhydrolase superfamily protein (TAIR:AT3G50400.1); Has 3581 Blast hits to 3540 proteins in 243 species: Archae - 0; Bacteria - 373; Metazoa [...] 
AT2G26450	3702.AT2G26450.1	0.7326440177252586	0.25755102040816324	rgb(214,239,117)	Plant invertase/pectin methylesterase inhibitor superfamily; Acts in the modification of cell walls via demethylesterification of cell wall pectin; In the N-terminal section; belongs to the PMEI family
AT2G27710	3702.AT2G27710.1	0.5039881831610045	0.20612244897959187	rgb(204,239,117)	60S acidic ribosomal protein family; Plays an important role in the elongation step of protein synthesis; Belongs to the eukaryotic ribosomal protein P1/P2 family
AT2G35360	3702.AT2G35360.1	0.24675036927621863	0.6426530612244898	rgb(197,239,117)	Uncharacterized protein At2g35360/T32F12.26; Ubiquitin family protein; Contains the following InterPro domains: Ubiquitin (InterPro:IPR000626), Ubiquitin supergroup (InterPro:IPR019955), Domain of unknown function SAYSvFN (InterPro:IPR019387); Has 81 Blast hits to 81 proteins in 37 species: Archae - 0; Bacteria - 0; Metazoa - 40; Fungi - 0; Plants - 33; Viruses - 0; Other Eukaryotes - 8 (source: NCBI BLink)
AT2G36710	3702.AT2G36710.1	0.8004431314623339	0.403265306122449	rgb(193,239,117)	Pectin lyase-like superfamily protein; Acts in the modification of cell walls via demethylesterification of cell wall pectin; Belongs to the pectinesterase family
AT2G41480	3702.AT2G41480.1	0.23545051698670605	0.7675510204081633	rgb(183,239,117)	Peroxidase superfamily protein; Removal of H(2)O(2), oxidation of toxic reductants, biosynthesis and degradation of lignin, suberization, auxin catabolism, response to environmental stresses such as wounding, pathogen attack and oxidative stress. These functions might be dependent on each isozyme/isoform in each plant tissue; Belongs to the peroxidase family. Classical plant (class III) peroxidase subfamily
AT2G41790	3702.AT2G41790.1	0.20155096011816842	0.21591836734693876	rgb(176,239,117)	Insulinase (Peptidase family M16) family protein; Peptidase that might be involved in pathogen or wound response. Not required for peroxisome biogenesis, indole-3-butyric acid (IBA) metabolism, fatty acid beta-oxidation or degradation of glyoxylate cycle enzymes during seedling development; Belongs to the peptidase M16 family
AT2G43590	3702.AT2G43590.1	0.23545051698670605	0.736326530612245	rgb(173,239,117)	Chitinase family protein; Its function is described as chitin binding, chitinase activity; Involved in carbohydrate metabolic process, cell wall macromolecule catabolic process; Located in endomembrane system; Expressed in 7 plant structures; Expressed during LP.04 four leaves visible, 4 anthesis, C globular stage, LP.02 two leaves visible; Contains the following InterPro domains: Chitin-binding, type 1, conserved site (InterPro:IPR018371), Glycoside hydrolase, family 19 (InterPro:IPR016283), Chitin-binding, type 1 (InterPro:IPR001002), Glycoside hydrolase, family 19, catalytic (InterP [...] 
AT2G45870	3702.AT2G45870.1	0.5970457902511079	0.7779591836734694	rgb(169,239,117)	UPF0187 protein At2g45870, chloroplastic; Bestrophin-like protein; Contains the following InterPro domains: Bestrophin-like (InterPro:IPR021134); BEST Arabidopsis thaliana protein match is: Bestrophin-like protein (TAIR:AT3G61320.1); Has 1419 Blast hits to 1415 proteins in 515 species: Archae - 0; Bacteria - 1105; Metazoa - 0; Fungi - 123; Plants - 115; Viruses - 0; Other Eukaryotes - 76 (source: NCBI BLink)
AT3G07570	3702.AT3G07570.1	0.5179468242245199	0.7779591836734694	rgb(166,239,117)	Cytochrome b561/ferric reductase transmembrane with DOMON related domain; May act as a catecholamine-responsive trans-membrane electron transporter
AT3G09570	3702.AT3G09570.1	0.22415066469719352	0.2783673469387755	rgb(159,239,117)	Lung seven transmembrane receptor family protein; Its function is described as molecular_function unknown; Involved in biological_process unknown; Located in endomembrane system, integral to membrane; Expressed in 24 plant structures; Expressed during 15 growth stages; Contains the following InterPro domains: Transmembrane receptor, eukaryota (InterPro:IPR009637); BEST Arabidopsis thaliana protein match is: Lung seven transmembrane receptor family protein (TAIR:AT5G18520.1); Has 534 Blast hits to 530 proteins in 110 species: Archae - 0; Bacteria - 2; Metazoa - 259; Fungi - 16; Plants - [...] 
AT3G10530	3702.AT3G10530.1	0.624963072378139	0.13755102040816328	rgb(155,239,117)	Transducin/WD40 repeat-like superfamily protein; Its function is described as nucleotide binding; Involved in biological_process unknown; Located in CUL4 RING ubiquitin ligase complex; Expressed in 23 plant structures; Expressed during 13 growth stages; Contains the following InterPro domains: WD40 repeat 2 (InterPro:IPR019782), BING4, C-terminal (InterPro:IPR012952), WD40 repeat-like-containing domain (InterPro:IPR011046), WD40-repeat-containing domain (InterPro:IPR017986), WD40/YVTN repeat-like-containing domain (InterPro:IPR015943), WD40 repeat (InterPro:IPR001680), WD40 repeat, sub [...] 
AT3G12050	3702.AT3G12050.1	0.4029542097488922	0.6218367346938776	rgb(145,239,117)	Uncharacterized protein T21B14.13; Aha1 domain-containing protein; Its function is described as ATPase activator activity, chaperone binding; Involved in response to stress; Located in cytoplasm; Expressed in 24 plant structures; Expressed during 16 growth stages; Contains the following InterPro domains: Activator of Hsp90 ATPase, N-terminal (InterPro:IPR015310), Activator of Hsp90 ATPase homologue 1-like (InterPro:IPR013538); Has 600 Blast hits to 579 proteins in 214 species: Archae - 0; Bacteria - 24; Metazoa - 217; Fungi - 180; Plants - 73; Viruses - 0; Other Eukaryotes - 106 (sourc [...] 
AT3G14920	3702.AT3G14920.1	0.823042836041359	0.559387755102041	rgb(135,239,117)	Peptide-N4-(N-acetyl-beta-glucosaminyl)asparagine amidase A protein; Involved in biological_process unknown; Located in plasma membrane, vacuole, plant-type cell wall; Expressed in 23 plant structures; Expressed during 13 growth stages; Contains the following InterPro domains: Peptide-N4-(N-acetyl-beta-glucosaminyl)asparagine amidase A (InterPro:IPR021102); BEST Arabidopsis thaliana protein match is: Peptide-N4-(N-acetyl-beta-glucosaminyl)asparagine amidase A protein (TAIR:AT5G05480.1); Has 261 Blast hits to 247 proteins in 94 species: Archae - 30; Bacteria - 27; Metazoa - 0; Fungi - 1 [...] 
AT3G22180	3702.AT3G22180.1	0.6761447562776958	0.7883673469387755	rgb(125,239,117)	Probable protein S-acyltransferase 20; Palmitoyl acyltransferase; Belongs to the DHHC palmitoyltransferase family
AT3G26140	3702.AT3G26140.1	0.3484490398818316	0.7883673469387755	rgb(121,239,117)	Cellulase (glycosyl hydrolase family 5) protein; Its function is described as cation binding, hydrolase activity, hydrolyzing O-glycosyl compounds, catalytic activity; Involved in carbohydrate metabolic process; Located in cellular_component unknown; Expressed in 7 plant structures; Expressed during 4 anthesis, C globular stage, petal differentiation and expansion stage; Contains the following InterPro domains: Ricin B-related lectin (InterPro:IPR008997), Ricin B lectin (InterPro:IPR000772), Glycoside hydrolase, catalytic core (InterPro:IPR017853), Glycoside hydrolase, family 5 (InterP [...] 
AT3G28760	3702.AT3G28760.2	0.21285081240768094	0.6114285714285715	rgb(117,239,119)	3-dehydroquinate synthase; Contains the following InterPro domains: 3-dehydroquinate synthase, prokaryotic-type (InterPro:IPR002812); Has 35333 Blast hits to 34131 proteins in 2444 species: Archae - 798; Bacteria - 22429; Metazoa - 974; Fungi - 991; Plants - 531; Viruses - 0; Other Eukaryotes - 9610 (source: NCBI BLink)
AT3G30390	3702.AT3G30390.2	0.21285081240768094	0.5802040816326531	rgb(117,239,123)	Encodes a putative amino acid transporter
AT3G47000	3702.AT3G47000.1	0.3531019202363368	0.9224489795918368	rgb(117,239,130)	Beta-D-glucan exohydrolase-like protein; Glycosyl hydrolase family protein; Its function is described as hydrolase activity, hydrolyzing O-glycosyl compounds; Involved in carbohydrate metabolic process; Located in cellular_component unknown; Expressed in 23 plant structures; Expressed during 13 growth stages; Contains the following InterPro domains: Glycoside hydrolase, family 3, N-terminal (InterPro:IPR001764), Glycoside hydrolase, family 3, C-terminal (InterPro:IPR002772), Glycoside hydrolase, catalytic core (InterPro:IPR017853), Glycoside hydrolase, family 3, active site (InterPro:I [...] 
AT3G49100	3702.AT3G49100.1	0.4222304283604136	0.18653061224489798	rgb(117,239,137)	Signal recognition particle, SRP9/SRP14 subunit; Signal-recognition-particle assembly has a crucial role in targeting secretory proteins to the rough endoplasmic reticulum membrane. SRP9 together with SRP14 and the Alu portion of the SRP RNA, constitutes the elongation arrest domain of SRP. The complex of SRP9 and SRP14 is required for SRP RNA binding (By similarity)
AT3G49650	3702.AT3G49650.1	0.20155096011816842	0.32	rgb(117,239,140)	P-loop containing nucleoside triphosphate hydrolases superfamily protein; Its function is described as microtubule motor activity, ATP binding; Involved in microtubule-based movement; Expressed in 22 plant structures; Expressed during 13 growth stages; Contains the following InterPro domains: Kinesin, motor region, conserved site (InterPro:IPR019821), Kinesin, motor domain (InterPro:IPR001752); BEST Arabidopsis thaliana protein match is: ATP binding microtubule motor family protein (TAIR:AT1G18550.1); Has 11521 Blast hits to 10970 proteins in 399 species: Archae - 16; Bacteria - 121; M [...] 
AT3G53680	3702.AT3G53680.1	0.20155096011816842	0.24714285714285716	rgb(117,239,147)	Acyl-CoA N-acyltransferase with RING/FYVE/PHD-type zinc finger domain; Its function is described as DNA binding, zinc ion binding; Involved in regulation of transcription, DNA-dependent; Located in nucleus; Expressed in 15 plant structures; Expressed during 6 growth stages; Contains the following InterPro domains: Zinc finger, PHD-type, conserved site (InterPro:IPR019786), Zinc finger, PHD-type (InterPro:IPR001965), Zinc finger, FYVE/PHD-type (InterPro:IPR011011), Acyl-CoA N-acyltransferase (InterPro:IPR016181), Zinc finger, PHD-finger (InterPro:IPR019787); BEST Arabidopsis thaliana pr [...] 
AT3G53950	3702.AT3G53950.1	0.8456425406203841	0.6426530612244898	rgb(117,239,150)	Uncharacterized protein At3g53950/F5K20_250; Glyoxal oxidase-related protein; Its function is described as molecular_function unknown; Involved in biological_process unknown; Located in endomembrane system; Expressed in 24 plant structures; Expressed during 15 growth stages; Contains the following InterPro domains: Galactose oxidase/kelch, beta-propeller (InterPro:IPR011043), Galactose oxidase, beta-propeller (InterPro:IPR015916), Immunoglobulin E-set (InterPro:IPR014756), Glyoxal oxidase, N-terminal (InterPro:IPR009880), Domain of unknown function DUF1929 (InterPro:IPR015202); BEST Ar [...] 
AT3G54940	3702.AT3G54940.2	0.6874446085672083	0.6242857142857143	rgb(117,239,157)	Probable cysteine protease RD19D; Probable thiol protease
AT3G55520	3702.AT3G55520.1	0.5970457902511079	0.8091836734693879	rgb(117,239,161)	FKBP-like peptidyl-prolyl cis-trans isomerase family protein; PPIases accelerate the folding of proteins. It catalyzes the cis-trans isomerization of proline imidic peptide bonds in oligopeptides (By similarity)
AT3G56900	3702.AT3G56900.1	0.5179468242245199	0.8091836734693879	rgb(117,239,164)	Transducin/WD40 repeat-like superfamily protein; Contains the following InterPro domains: WD40 repeat-like-containing domain (InterPro:IPR011046), WD40 repeat (InterPro:IPR001680), WD40/YVTN repeat-like-containing domain (InterPro:IPR015943), WD40 repeat, subgroup (InterPro:IPR019781); Has 4015 Blast hits to 2516 proteins in 309 species: Archae - 52; Bacteria - 1176; Metazoa - 1329; Fungi - 813; Plants - 363; Viruses - 0; Other Eukaryotes - 282 (source: NCBI BLink)
AT4G05160	3702.AT4G05160.1	0.5970457902511079	0.6793877551020409	rgb(117,239,188)	AMP-dependent synthetase and ligase family protein; Encodes a peroxisomal protein involved in the activation of fatty acids through esterification with CoA. At4g05160 preferentially activates fatty acids with medium chain length (C6:0 and C7:0) as well as even-numbered long-chain fatty acids (C14:0,  C16:0 and C18:0). At4g05160 was also able to catalyze the conversion of OPC-6:0 to its CoA ester and is therefore thought to be involved in the peroxisomal &#946;-oxidation steps of jasmonic acid biosynthesis
AT4G09670	3702.AT4G09670.1	0.3949778434268833	0.08734693877551021	rgb(117,239,192)	Uncharacterized oxidoreductase At4g09670; Oxidoreductase family protein; Its function is described as oxidoreductase activity, binding, catalytic activity; Involved in oxidation reduction, metabolic process; Located in cellular_component unknown; Expressed in 23 plant structures; Expressed during 13 growth stages; Contains the following InterPro domains: Oxidoreductase, N-terminal (InterPro:IPR000683), Oxidoreductase, C-terminal (InterPro:IPR004104), NAD(P)-binding domain (InterPro:IPR016040); BEST Arabidopsis thaliana protein match is: Glyceraldehyde-3-phosphate dehydrogenase-like fam [...] 
AT4G10320	3702.AT4G10320.1	0.2753323485967504	0.30469387755102045	rgb(117,239,198)	tRNA synthetase class I (I, L, M and V) family protein; Its function is described as isoleucine-tRNA ligase activity, nucleotide binding, aminoacyl-tRNA ligase activity, zinc ion binding, ATP binding; Involved in response to cadmium ion, tRNA aminoacylation for protein translation; Located in cytosol; Expressed in male gametophyte, guard cell, epidermis, cultured cell, pollen tube; Expressed during L mature pollen stage, M germinated pollen stage; Contains the following InterPro domains: Aminoacyl-tRNA synthetase, class I, conserved site (InterPro:IPR001412), Isoleucyl-tRNA synthetase  [...] 
AT4G11350	3702.AT4G11350.1	0.8569423929098966	0.47612244897959183	rgb(117,239,205)	Transferring glycosyl group transferase (DUF604); Protein of unknown function (DUF604); Contains the following InterPro domains: Protein of unknown function DUF604 (InterPro:IPR006740); BEST Arabidopsis thaliana protein match is: Protein of unknown function (DUF604) (TAIR:AT4G23490.1); Has 568 Blast hits to 557 proteins in 86 species: Archae - 0; Bacteria - 0; Metazoa - 99; Fungi - 181; Plants - 281; Viruses - 0; Other Eukaryotes - 7 (source: NCBI BLink)
AT4G17260	3702.AT4G17260.1	0.5977104874446086	0.4626530612244898	rgb(117,239,209)	Lactate/malate dehydrogenase family protein; Its function is described as in 6 functions; Involved in response to salt stress, response to abscisic acid stimulus; Located in plasma membrane; Expressed in 24 plant structures; Expressed during 13 growth stages; Contains the following InterPro domains: L-lactate dehydrogenase (InterPro:IPR011304), Lactate/malate dehydrogenase, C-terminal (InterPro:IPR022383), NAD(P)-binding domain (InterPro:IPR016040), L-lactate/malate dehydrogenase (InterPro:IPR001557), Lactate/malate dehydrogenase, N-terminal (InterPro:IPR001236), L-lactate dehydrogenas [...] 
AT4G29590	3702.AT4G29590.1	0.8569423929098966	0.8195918367346939	rgb(117,239,219)	S-adenosyl-L-methionine-dependent methyltransferases superfamily protein; Its function is described as methyltransferase activity; Involved in metabolic process; Located in chloroplast; Expressed in 23 plant structures; Expressed during 13 growth stages; Contains the following InterPro domains: Methyltransferase type 11 (InterPro:IPR013216); BEST Arabidopsis thaliana protein match is: S-adenosyl-L-methionine-dependent methyltransferases superfamily protein (TAIR:AT3G01660.1); Has 1031 Blast hits to 1031 proteins in 322 species: Archae - 24; Bacteria - 646; Metazoa - 0; Fungi - 12; Plan [...] 
AT4G33600	3702.AT4G33600.1	0.17895125553914326	0.46571428571428575	rgb(117,239,229)	Uncharacterized protein At4g33600/T16L1_90; Unknown protein; Its function is described as molecular_function unknown; Involved in biological_process unknown; Located in endomembrane system; Expressed in 6 plant structures; Expressed during 4 anthesis, C globular stage, petal differentiation and expansion stage; BEST Arabidopsis thaliana protein match is: unknown protein (TAIR:AT4G33590.1); Has 131 Blast hits to 131 proteins in 40 species: Archae - 0; Bacteria - 9; Metazoa - 12; Fungi - 24; Plants - 58; Viruses - 0; Other Eukaryotes - 28 (source: NCBI BLink)
AT4G34660	3702.AT4G34660.1	0.6535450516986707	0.1846938775510204	rgb(117,239,233)	SH3 domain-containing protein 2; Regulator for autophaosome formation and/or maturation. Binds phosphatidylinositol 3-phosphate
AT4G36210	3702.AT4G36210.3	0.8682422451994092	0.5073469387755102	rgb(117,239,236)	Protein of unknown function (DUF726); Its function is described as molecular_function unknown; Involved in biological_process unknown; Located in cellular_component unknown; Expressed in 24 plant structures; Expressed during 15 growth stages; Contains the following InterPro domains: Protein of unknown function DUF726 (InterPro:IPR007941); BEST Arabidopsis thaliana protein match is: Protein of unknown function (DUF726) (TAIR:AT2G18100.1); Has 30201 Blast hits to 17322 proteins in 780 species: Archae - 12; Bacteria - 1396; Metazoa - 17338; Fungi - 3422; Plants - 5037; Viruses - 0; Other  [...] 
AT5G01990	3702.AT5G01990.1	0.8682422451994092	0.7051020408163267	rgb(117,235,239)	Auxin efflux carrier family protein; Involved in cellular auxin homeostasis by regulating auxin metabolism. Regulates intracellular auxin accumulation at the endoplasmic reticulum and thus auxin availability for nuclear auxin signaling; Belongs to the auxin efflux carrier (TC 2.A.69.2) family
AT5G03610	3702.AT5G03610.1	0.30324963072378136	0.8300000000000001	rgb(117,225,239)	GDSL-like Lipase/Acylhydrolase superfamily protein; Its function is described as hydrolase activity, acting on ester bonds, carboxylesterase activity; Involved in lipid metabolic process; Located in endomembrane system; Expressed in 22 plant structures; Expressed during 13 growth stages; Contains the following InterPro domains: Lipase, GDSL (InterPro:IPR001087); BEST Arabidopsis thaliana protein match is: GDSL-like Lipase/Acylhydrolase superfamily protein (TAIR:AT3G09930.1); Has 3390 Blast hits to 3360 proteins in 226 species: Archae - 0; Bacteria - 388; Metazoa - 0; Fungi - 3; Plants  [...] 
AT5G04480	3702.AT5G04480.1	0.16765140324963074	0.6426530612244898	rgb(117,222,239)	UDP-Glycosyltransferase superfamily protein; Its function is described as molecular_function unknown; Involved in biosynthetic process; Located in Golgi apparatus; Expressed in 21 plant structures; Expressed during 12 growth stages; Contains the following InterPro domains: Glycosyl transferase, group 1 (InterPro:IPR001296); BEST Arabidopsis thaliana protein match is: glycosyl transferase family 1 protein (TAIR:AT4G01210.1); Has 30201 Blast hits to 17322 proteins in 780 species: Archae - 12; Bacteria - 1396; Metazoa - 17338; Fungi - 3422; Plants - 5037; Viruses - 0; Other Eukaryotes - 2 [...] 
AT5G11430	3702.AT5G11430.1	0.36307237813884785	0.12224489795918368	rgb(117,201,239)	SPOC domain / Transcription elongation factor S-II protein; Its function is described as zinc ion binding; Involved in transcription; Located in nucleus; Expressed in 22 plant structures; Expressed during 12 growth stages; Contains the following InterPro domains: Spen paralogue and orthologue SPOC, C-terminal (InterPro:IPR012921), Transcription elongation factor S-IIM (InterPro:IPR017890), Transcription elongation factor S-II, central domain (InterPro:IPR003618); BEST Arabidopsis thaliana protein match is: SPOC domain / Transcription elongation factor S-II protein (TAIR:AT5G25520.2); H [...] 
AT5G11730	3702.AT5G11730.1	0.5292466765140326	0.8404081632653062	rgb(117,198,239)	Core-2/I-branching beta-1,6-N-acetylglucosaminyltransferase family protein; Involved in biological_process unknown; Expressed in 23 plant structures; Expressed during 13 growth stages; Contains the following InterPro domains: Core-2/I-Branching enzyme (InterPro:IPR021141); BEST Arabidopsis thaliana protein match is: Core-2/I-branching beta-1,6-N-acetylglucosaminyltransferase family protein (TAIR:AT5G25970.1); Has 1807 Blast hits to 1807 proteins in 277 species: Archae - 0; Bacteria - 0; Metazoa - 736; Fungi - 347; Plants - 385; Viruses - 0; Other Eukaryotes - 339 (source: NCBI BLink)
AT5G13780	3702.AT5G13780.1	0.22415066469719352	0.8404081632653062	rgb(117,194,239)	N-terminal acetyltransferase A complex catalytic subunit NAA10; Catalytic subunit of the NatA N-alpha-acetyltransferase complex. Required for male gametocyte development, embryogenesis, suspensor development and the formation of the quiescent center (QC) in the root meristem. Involved in plant immunity through the regulation of SNC1 and RPM1 stability
AT5G15180	3702.AT5G15180.1	0.15635155096011816	0.7779591836734694	rgb(117,184,239)	Peroxidase superfamily protein; Removal of H(2)O(2), oxidation of toxic reductants, biosynthesis and degradation of lignin, suberization, auxin catabolism, response to environmental stresses such as wounding, pathogen attack and oxidative stress. These functions might be dependent on each isozyme/isoform in each plant tissue; Belongs to the peroxidase family. Classical plant (class III) peroxidase subfamily
AT5G16010	3702.AT5G16010.1	0.749261447562777	0.7700000000000001	rgb(117,180,239)	3-oxo-5-alpha-steroid 4-dehydrogenase family protein; Its function is described as oxidoreductase activity, acting on the CH-CH group of donors, 3-oxo-5-alpha-steroid 4-dehydrogenase activity; Involved in lipid metabolic process; Located in chloroplast, chloroplast envelope; Expressed in 23 plant structures; Expressed during 15 growth stages; Contains the following InterPro domains: 3-oxo-5-alpha-steroid 4-dehydrogenase, C-terminal (InterPro:IPR001104); BEST Arabidopsis thaliana protein match is: 3-oxo-5-alpha-steroid 4-dehydrogenase family protein (TAIR:AT3G55360.1); Has 1807 Blast hi [...] 
AT5G19290	3702.AT5G19290.1	0.15635155096011816	0.7467346938775511	rgb(117,167,239)	alpha/beta-Hydrolases superfamily protein; BEST Arabidopsis thaliana protein match is: alpha/beta-Hydrolases superfamily protein (TAIR:AT5G14980.1); Has 1807 Blast hits to 1807 proteins in 277 species: Archae - 0; Bacteria - 0; Metazoa - 736; Fungi - 347; Plants - 385; Viruses - 0; Other Eukaryotes - 339 (source: NCBI BLink)
AT5G19490	3702.AT5G19490.1	0.15635155096011816	0.5489795918367347	rgb(117,160,239)	Histone superfamily protein; Its function is described as sequence-specific DNA binding, DNA binding; Involved in biological_process unknown; Located in intracellular; Expressed in 6 plant structures; Expressed during 4 anthesis, petal differentiation and expansion stage, E expanded cotyledon stage, D bilateral stage; Contains the following InterPro domains: Transcription factor CBF/NF-Y/archaeal histone (InterPro:IPR003958), Histone-fold (InterPro:IPR009072); BEST Arabidopsis thaliana protein match is: nuclear factor Y, subunit C11 (TAIR:AT3G12480.1); Has 30201 Blast hits to 17322 pro [...] 
AT5G19730	3702.AT5G19730.1	0.8908419497784343	0.32	rgb(117,156,239)	Pectin lyase-like superfamily protein; Acts in the modification of cell walls via demethylesterification of cell wall pectin; Belongs to the pectinesterase family
AT5G23250	3702.AT5G23250.1	0.5511816838995569	0.41918367346938773	rgb(117,139,239)	Succinate--CoA ligase [ADP-forming] subunit alpha-2, mitochondrial; Succinyl-CoA synthetase functions in the citric acid cycle (TCA), coupling the hydrolysis of succinyl-CoA to the synthesis of ATP and thus represents the only step of substrate- level phosphorylation in the TCA. The alpha subunit of the enzyme binds the substrates coenzyme A and phosphate, while succinate binding and nucleotide specificity is provided by the beta subunit
AT5G35530	3702.AT5G35530.1	0.4601181683899557	0.21653061224489795	rgb(117,129,239)	Ribosomal protein S3 family protein; Its function is described as structural constituent of ribosome; Involved in response to salt stress, translation; Located in cytosolic small ribosomal subunit, cytosolic ribosome, nucleolus, membrane; Expressed in 23 plant structures; Expressed during 14 growth stages; Contains the following InterPro domains: K Homology, prokaryotic type (InterPro:IPR009019), K Homology, type 2 (InterPro:IPR004044), K Homology (InterPro:IPR004087), Ribosomal protein S3, C-terminal (InterPro:IPR001351), Ribosomal protein S3, eukaryotic/archaeal (InterPro:IPR005703); [...] 
AT5G36160	3702.AT5G36160.1	0.5505169867060562	0.6034693877551021	rgb(117,122,239)	Tyrosine transaminase family protein; Transaminase involved in tyrosine breakdown. Converts tyrosine to p-hydroxyphenylpyruvate. Can catalyze the reverse reaction, using L-glutamate in vitro. Can convert phenylalanine to phenylpyruvate and catalyze the reverse reaction in vitro; Belongs to the class-I pyridoxal-phosphate-dependent aminotransferase family
AT5G50900	3702.AT5G50900.1	0.14505169867060563	0.7155102040816327	rgb(117,117,239)	ARM repeat superfamily protein; Its function is described as binding; Involved in biological_process unknown; Located in cellular_component unknown; Expressed in 23 plant structures; Expressed during 13 growth stages; Contains the following InterPro domains: Armadillo-like helical (InterPro:IPR011989), Armadillo (InterPro:IPR000225), Armadillo-type fold (InterPro:IPR016024); BEST Arabidopsis thaliana protein match is: ARM repeat superfamily protein (TAIR:AT2G45720.2); Has 3124 Blast hits to 1989 proteins in 231 species: Archae - 0; Bacteria - 0; Metazoa - 424; Fungi - 362; Plants - 204 [...] 
AT5G50970	3702.AT5G50970.1	0.5053175775480059	0.31755102040816324	rgb(117,117,239)	Transducin family protein / WD-40 repeat family protein; Contains the following InterPro domains: WD40 repeat-like-containing domain (InterPro:IPR011046), WD40 repeat 2 (InterPro:IPR019782), WD40-repeat-containing domain (InterPro:IPR017986), WD40 repeat (InterPro:IPR001680), WD40/YVTN repeat-like-containing domain (InterPro:IPR015943), WD40 repeat, subgroup (InterPro:IPR019781); BEST Arabidopsis thaliana protein match is: Transducin/WD40 repeat-like superfamily protein (TAIR:AT5G19920.1); Has 35333 Blast hits to 34131 proteins in 2444 species: Archae - 798; Bacteria - 22429; Metazoa - [...] 
AT5G55180	3702.AT5G55180.2	0.14505169867060563	0.3824489795918367	rgb(117,117,239)	O-Glycosyl hydrolases family 17 protein; Its function is described as cation binding, hydrolase activity, hydrolyzing O-glycosyl compounds, catalytic activity; Involved in carbohydrate metabolic process; Located in endomembrane system; Expressed in 18 plant structures; Expressed during 11 growth stages; Contains the following InterPro domains: X8 (InterPro:IPR012946), Glycoside hydrolase, catalytic core (InterPro:IPR017853), Glycoside hydrolase, family 17 (InterPro:IPR000490), Glycoside hydrolase, subgroup, catalytic core (InterPro:IPR013781); BEST Arabidopsis thaliana protein match is [...] 
AT5G58370	3702.AT5G58370.2	0.14505169867060563	0.28877551020408165	rgb(117,117,239)	P-loop containing nucleoside triphosphate hydrolases superfamily protein; Its function is described as GTP binding; Involved in barrier septum formation; Located in intracellular; Expressed in 21 plant structures; Expressed during 13 growth stages; Contains the following InterPro domains: GTP-binding protein, HSR1-related (InterPro:IPR002917), GTP-binding protein, ribosome biogenesis,  YsxC (InterPro:IPR019987); BEST Arabidopsis thaliana protein match is: P-loop containing nucleoside triphosphate hydrolases superfamily protein (TAIR:AT2G22870.1); Has 35333 Blast hits to 34131 proteins  [...] 
AT5G60930	3702.AT5G60930.1	0.19623338257016248	0.5018367346938776	rgb(117,117,239)	P-loop containing nucleoside triphosphate hydrolases superfamily protein; Kinesin-like motor protein involved in the control of the oriented deposition of cellulose microfibrils; Belongs to the TRAFAC class myosin-kinesin ATPase superfamily. Kinesin family. KIN-4 subfamily
AT5G64120	3702.AT5G64120.1	0.6987444608567209	0.15346938775510205	rgb(117,117,239)	Peroxidase superfamily protein; Removal of H(2)O(2), oxidation of toxic reductants, biosynthesis and degradation of lignin, suberization, auxin catabolism, response to environmental stresses such as wounding, pathogen attack and oxidative stress. These functions might be dependent on each isozyme/isoform in each plant tissue; Belongs to the peroxidase family. Classical plant (class III) peroxidase subfamily
ATS9	3702.AT1G29150.1	0.31853766617429835	0.34448979591836737	rgb(239,155,117)	26S proteasome non-ATPase regulatory subunit 11 homolog; Component of the lid subcomplex of the 26S proteasome, a multiprotein complex involved in the ATP-dependent degradation of ubiquitinated proteins. In the complex, RPN6A is required for proteasome assembly (By similarity)
At1g08080	3702.AT1G08080.1	0.5292466765140326	0.6322448979591837	rgb(101,199,255)	Alpha carbonic anhydrase 7; Reversible hydration of carbon dioxide
At1g59900	3702.AT1G59900.1	0.6143279172821271	0.4173469387755102	rgb(239,192,117)	Pyruvate dehydrogenase E1 component subunit alpha-1, mitochondrial; The pyruvate dehydrogenase complex catalyzes the overall conversion of pyruvate to acetyl-CoA and CO(2). It contains multiple copies of three enzymatic components: pyruvate dehydrogenase (E1), dihydrolipoamide acetyltransferase (E2) and lipoamide dehydrogenase (E3)
BBX14	3702.AT1G68520.1	0.8596011816838995	0.0842857142857143	rgb(239,213,117)	B-box type zinc finger protein with CCT domain; Its function is described as sequence-specific DNA binding transcription factor activity, zinc ion binding; Involved in regulation of transcription; Located in intracellular; Expressed in 21 plant structures; Expressed during 13 growth stages; Contains the following InterPro domains: CCT domain (InterPro:IPR010402), Zinc finger, B-box (InterPro:IPR000315); BEST Arabidopsis thaliana protein match is: B-box type zinc finger protein with CCT domain (TAIR:AT1G25440.1); Has 3472 Blast hits to 2352 proteins in 127 species: Archae - 0; Bacteria  [...] 
BMY9	3702.AT4G00490.1	0.19025110782865584	0.6738775510204081	rgb(117,239,174)	Beta-amylase 2, chloroplastic; Encodes a chloroplast beta-amylase. The enzyme activity is very weak compared to BAM1 and BAM3. Mutant of BAM2 has no visible phenotype
BT4	3702.AT5G67480.2	0.8144017725258494	0.7393877551020409	rgb(117,117,239)	BTB/POZ and TAZ domain-containing protein 4; May act as a substrate-specific adapter of an E3 ubiquitin-protein ligase complex (CUL3-RBX1-BTB) which mediates the ubiquitination and subsequent proteasomal degradation of target proteins
CDC20.2	3702.AT4G33260.1	0.3198670605612998	0.4546938775510204	rgb(117,239,226)	Transducin family protein / WD-40 repeat family protein; Component of the anaphase promoting complex/cyclosome (APC/C), a cell cycle-regulated E3 ubiquitin-protein ligase complex that controls progression through mitosis and the G1 phase of the cell cycle; Belongs to the WD repeat CDC20/Fizzy family
CDKC2	3702.AT5G64960.1	0.3504431314623338	0.29244897959183674	rgb(117,117,239)	Cyclin dependent kinase group C2; Encodes CDKC;2, part of a CDKC kinase complex that is targeted by Cauliflower mosaic virus (CaMV) for transcriptional activation of viral genes.  Also regulates plant growth and development. Co-localizes with spliceosomal components in a manner dependent on the transcriptional status of the cells and on CDKC2-kinase activity. Expression of CDKC2 modifies the location of spliceosomal components; Belongs to the protein kinase superfamily. CMGC Ser/Thr protein kinase family. CDC2/CDKX subfamily
CHX18	3702.AT5G41610.1	0.642245199409158	0.33285714285714285	rgb(117,117,239)	Cation/H(+) antiporter 18; Member of Putative Na+/H+ antiporter family; Belongs to the monovalent cation:proton antiporter 2 (CPA2) transporter (TC 2.A.37) family. CHX (TC 2.A.37.4) subfamily
CIPK26	3702.AT5G21326.1	0.0772525849335303	0.41551020408163264	rgb(117,149,239)	Ca2+regulated serine-threonine protein kinase family protein; CIPK serine-threonine protein kinases interact with CBL proteins. Binding of a CBL protein to the regulatory NAF domain of CIPK protein lead to the activation of the kinase in a calcium- dependent manner. Involved in the calcium-dependent regulation of reactive oxygen species production by the NADPH oxidase RBOHF; Belongs to the protein kinase superfamily. CAMK Ser/Thr protein kinase family. SNF1 subfamily
CLPR1	3702.AT1G49970.1	0.30324963072378136	0.7051020408163267	rgb(239,179,117)	ATP-dependent Clp protease proteolytic subunit-related protein 1, chloroplastic; Encodes a ClpP-related sequence. Though similar to ClpP proteins, this does not contains the highly conserved catalytic triad of Ser-type proteases (Ser-His-Asp). The name reflects nomenclature described in Adam et. al (2001)
COL9	3702.AT3G07650.1	0.22415066469719352	0.7051020408163267	rgb(162,239,117)	Zinc finger protein CONSTANS-LIKE 9; This gene belongs to the CO (CONSTANS) gene family. This gene family is divided in three subgroups: groups III, to which COL9 belongs, is characterised by one B-box (supposed to regulate protein-protein interactions) and a second diverged zinc finger. COL9 downregulates expression of CO (CONSTANS) as well as FT and SOC1 which are known regulatory targets of CO
CPK1	3702.AT5G04870.1	0.16765140324963074	0.1846938775510204	rgb(117,218,239)	Calcium-dependent protein kinase 1; May play a role in signal transduction pathways that involve calcium as a second messenger. Phosphorylates the Ca(2+)- ATPase ACA2 resulting in the inhibition of its calcium activation; Belongs to the protein kinase superfamily. Ser/Thr protein kinase family. CDPK subfamily
CPP1	3702.AT5G23040.1	0.6987444608567209	0.8508163265306123	rgb(117,143,239)	Protein CHAPERONE-LIKE PROTEIN OF POR1, chloroplastic; Essential protein required during embryogenesis. Exhibits holdase chaperone activity involved in the stabilization of NADPH:protochlorophyllide oxidoreductase (POR) proteins against photooxidative stress during POR proteins import into chloroplasts. Required for chloroplast biogenesis and development. When expressed in yeast, triggers mitochondria-mediated cell death associated with the loss of mitochondrial membrane potential
CSN6A	3702.AT5G56280.1	0.32186115214180205	0.22693877551020408	rgb(117,117,239)	COP9 signalosome complex subunit 6a; Component of the COP9 signalosome complex (CSN), a complex involved in various cellular and developmental processes such as photomorphogenesis and auxin and jasmonate responses. The CSN complex is an essential regulator of the ubiquitin (Ubl) conjugation pathway by mediating the deneddylation of the cullin subunits of SCF-type E3 ligase complexes, leading to decrease the Ubl ligase activity of SCF. It is involved in repression of photomorphogenesis in darkness by regulating the activity of COP1- containing Ubl ligase complexes. The complex is also r [...] 
CYCB2;3	3702.AT1G20610.1	0.34911373707533233	0.533061224489796	rgb(239,137,117)	Cyclin B2;3 (CYCB2;3); Its function is described as cyclin-dependent protein kinase regulator activity; Involved in regulation of cell cycle; Located in nucleus; Contains the following InterPro domains: Cyclin, C-terminal (InterPro:IPR004367), Cyclin-like (InterPro:IPR011028), Cyclin-related (InterPro:IPR013763), Cyclin, N-terminal (InterPro:IPR006671), Cyclin, A/B/D/E (InterPro:IPR014400), Cyclin (InterPro:IPR006670); BEST Arabidopsis thaliana protein match is: CYCLIN B2;4 (TAIR:AT1G76310.1); Has 4405 Blast hits to 4396 proteins in 374 species: Archae - 0; Bacteria - 7; Metazoa - 2039 [...] 
CYP703A2	3702.AT1G01280.1	0.5252584933530281	0.45530612244897956	rgb(255,0,0)	Cytochrome P450, family 703, subfamily A, polypeptide 2; Involved in pollen wall development. Catalyzes the conversion of medium-chain saturated fatty acids to the corresponding monohydroxylated fatty acids, with a preferential hydroxylation of lauric acid at the C-7 position. In-chain hydroxylated fatty acids, together with omega-hydroxylated fatty acids, are key monomeric aliphatic building blocks for sporopollenin synthesis during exine formation; Belongs to the cytochrome P450 family
CYP98A3	3702.AT2G40890.1	0.6542097488921714	0.6940816326530613	rgb(186,239,117)	Cytochrome P450, family 98, subfamily A, polypeptide 3; Cytochrome P450 which catalyzes 3'-hydroxylation of p- coumaric esters of shikimic/quinic acids to form lignin monomers. Can use p-coumarate, p-coumaraldehyde, p-coumaroyl methyl ester, 5-O-(4-coumaroyl) D-quinate and 5-O-(4-coumaroyl) shikimate as substrates, but not p-coumaryl alcohol, p-coumaroyl CoA, 1-O-p- coumaroyl-beta-D-glucose, p-hydroxy-cinnamyl alcohol, cinnamate, caffeate or ferulate. Has a weak activity on tri(p- coumaroyl)spermidine, but none on triferuloylspermidine. Hydroxylates preferentially the 5-O-isomer, but c [...] 
DHAR2	3702.AT1G75270.1	0.721344165435746	0.28877551020408165	rgb(239,230,117)	Glutathione S-transferase DHAR2; Displays a dual function. As a soluble protein, exhibits glutathione-dependent thiol transferase and dehydroascorbate (DHA) reductase activities. Exhibits glutathione- dependent thiol transferase and dehydroascorbate (DHA) reductase activities. Key component of the ascorbate recycling system. Involved in the redox homeostasis, especially in scavenging of ROS under oxidative stresses. Plays a role in ozone tolerance; Belongs to the GST superfamily. DHAR family
DRM2	3702.AT5G14620.1	0.17296898079763665	0.5006122448979593	rgb(117,187,239)	DNA (cytosine-5)-methyltransferase DRM2; Involved in de novo DNA methylation. Controls asymmetric and CpNpG methylation. Required for FWA gene silencing but not for the maintenance of SUP gene silencing. Functionally redundant to CMT3 to maintain non-CpG methylation. Involved in RNA-directed DNA methylation (RdDM). Acts as major DNA methyltransferase in the RdDM pathway, and is essential for RNA-directed de novo DNA methylation of cytosines in all sequence contexts. Associates with long non-coding RNA (lncRNA) produced by RNA polymerase V (Pol V). This association is dependent on AGO4  [...] 
DRT101	3702.AT5G18070.1	0.7067208271787297	0.46816326530612246	rgb(117,170,239)	Phosphoglucosamine mutase-related; Encodes a novel protein involved in DNA repair from UV damage. Isolated by functional complementation of E. coli UV-sensitive mutants (UVR genes); Belongs to the phosphohexose mutase family
ECA2	3702.AT4G00900.1	0.8303545051698672	0.3573469387755102	rgb(117,239,178)	Calcium-transporting ATPase 2, endoplasmic reticulum-type; This magnesium-dependent enzyme catalyzes the hydrolysis of ATP coupled with the translocation of calcium from the cytosol to an endomembrane compartment
ECA3	3702.AT1G10130.1	0.7818316100443132	0.34510204081632656	rgb(0,28,178)	Calcium-transporting ATPase 3, endoplasmic reticulum-type; This magnesium-dependent enzyme catalyzes the hydrolysis of ATP coupled with the translocation of calcium from the cytosol to an endomembrane compartment. Involved in calcium-enhanced root growth, in tolerance to toxic levels of manganese and in secretory processes. Has a crucial role in manganese nutrition, but is not involved in transporting copper, iron or zinc; Belongs to the cation transport ATPase (P-type) (TC 3.A.3) family. Type IIA subfamily
EIN2	3702.AT5G03280.1	0.7153618906942393	0.39714285714285713	rgb(117,232,239)	NRAMP metal ion transporter family protein; Central factor in signaling pathways regulated by ethylene (ET), and involved in various processes including development, plant defense, senescence, nucleotide sugar flux, and tropisms. Necessary for ethylene-mediated gene regulation, and for the induction of some genes by ozone. Acts downstream of ET receptors, and upstream of ethylene regulated transcription factors. Required for cytokinin-mediated processes. Seems to be implicated in cross-talk between ET, jasmonate and other pathways. Probably not involved in iron uptake. Has a short half [...] 
ELM1	3702.AT5G22350.1	0.8908419497784343	0.8508163265306123	rgb(117,146,239)	Protein of unknown function (DUF1022); Plant-specific factor involved in mitochondria fission. Is required for the correct localization of DRP3A from the cytosol to mitochondrial fission sites. Does not seem to be required for peroxisomal division
ET2	3702.AT5G56780.1	0.14505169867060563	0.35122448979591836	rgb(117,117,239)	Protein EFFECTOR OF TRANSCRIPTION 2; Transcriptional regulator involved in the regulation of cell differentiation in meristems. Probably regulates the expression of various KNAT genes involved in the maintenance of the cells in an undifferentiated, merismastic state. Plays a role in the regulation of gibberellin 20 oxidase and the gibberellin- regulated protein GASA4. Localizes in the nucleus during the cellular differentiation state and may act via a single strand cutting domain. Transcriptional regulator required for the induction of dormancy during late seed development. Interacts g [...] 
ETR1	3702.AT1G66340.1	0.6362629246676516	0.37448979591836734	rgb(239,210,117)	Signal transduction histidine kinase, hybrid-type, ethylene sensor; Similar to prokaryote sensory transduction proteins. Contains a histidine kinase and a response regulator domain. Homodimer. Membrane component. Binds ethylene. Mutations affect ethylene binding and metabolism of other plant hormones such as auxin, cytokinins, ABA and gibberellic acid. Ethylene receptor. Has histidine kinase activity. Is regulated by RTE1
EXO70G1	3702.AT4G31540.1	0.6874446085672083	0.8195918367346939	rgb(117,239,222)	A member of EXO70 gene family, putative exocyst subunits, conserved in land plants. Arabidopsis thaliana contains 23 putative EXO70 genes, which can be classified into eight clusters on the phylogenetic tree
EXPB1	3702.AT2G20750.1	0.45347119645494827	0.6561224489795918	rgb(221,239,117)	Expansin-B1; May cause loosening and extension of plant cell walls by disrupting non-covalent bonding between cellulose microfibrils and matrix glucans. No enzymatic activity has been found (By similarity)
EXPB3	3702.AT4G28250.1	0.4448301329394387	0.5777551020408164	rgb(117,239,216)	Expansin-B3; Putative beta-expansin/allergen protein. Naming convention from the Expansin Working Group (Kende et al, 2004. Plant Mol Bio).  Involved in the formation of nematode-induced syncytia in roots of Arabidopsis thaliana
FIM5	3702.AT5G35700.1	0.7665435745937962	0.7993877551020409	rgb(117,125,239)	Fimbrin-like protein 2; Cross-links actin filaments (F-actin). Stabilizes and prevents F-actin depolymerization mediated by profilin. May regulate actin cytoarchitecture, cell cycle, cell division, cell elongation and cytoplasmic tractus
GA3OX1	3702.AT1G15550.1	0.5252584933530281	0.37204081632653063	rgb(239,127,117)	Gibberellin 3-beta-dioxygenase 1; Involved in later steps of the gibberellic acid biosynthetic pathway. Activated by AGAMOUS in a cal-1, ap1-1 background. Deletion of 208 bp from -1016 to -809  (&#916;-808) resulted in loss of GA-negative feedback (this sequence, which contains a 43-bp sequence GNFEI, was shown to be sufficient for GA-negative feedback); Belongs to the iron/ascorbate-dependent oxidoreductase family. GA3OX subfamily
GLP10	3702.AT3G62020.1	0.19025110782865584	0.8091836734693879	rgb(117,239,171)	Germin-like protein subfamily 2 member 4; May play a role in plant defense. Probably has no oxalate oxidase activity even if the active site is conserved; Belongs to the germin family
HAT22	3702.AT4G37790.1	0.8682422451994092	0.6738775510204081	rgb(117,239,239)	Encodes homeobox protein HAT22, member of the HD-Zip II family
HB17	3702.AT2G01430.1	0.7665435745937962	0.6426530612244898	rgb(234,239,117)	Homeobox-leucine zipper protein ATHB-17; Probable transcription factor
HCHIB	3702.AT3G12500.1	0.6382570162481537	0.4595918367346939	rgb(142,239,117)	Basic endochitinase B; Defense against chitin-containing fungal pathogens. Seems particularly implicated in resistance to jasmonate-inducing pathogens such as A.brassicicola. In vitro antifungal activity against T.reesei, but not against A.solani, F.oxysporum, S.sclerotiorum, G.graminis and P.megasperma
HK3	3702.AT1G27320.1	0.8263663220088627	0.44612244897959186	rgb(239,151,117)	Histidine kinase 3; Cytokinins (CK) receptor related to bacterial two- component regulators. Functions as a histidine kinase and transmits the stress signal to a downstream MAPK cascade. This protein undergoes an ATP-dependent autophosphorylation at a conserved histidine residue in the kinase core, and a phosphoryl group is then transferred to a conserved aspartate residue in the receiver domain. In the presence of cytokinin, feeds phosphate to phosphorelay-integrating histidine phosphotransfer protein (HPt) and activates subsequent cascade. Involved in meristems establishment in seedl [...] 
HSP101	3702.AT1G74310.1	0.3776957163958641	0.6885714285714286	rgb(239,227,117)	Chaperone protein ClpB1; Encodes ClpB1, which belongs to the Casein lytic proteinase/heat shock protein 100 (Clp/Hsp100) family.  Involved in refolding of proteins which form aggregates under heat stress. Also known as AtHsp101.  AtHsp101 is a cytosolic heat shock protein required for acclimation to high temperature
HTB4	3702.AT5G59910.1	0.34911373707533233	0.1846938775510204	rgb(117,117,239)	Histone superfamily protein; Core component of nucleosome. Nucleosomes wrap and compact DNA into chromatin, limiting DNA accessibility to the cellular machineries which require DNA as a template. Histones thereby play a central role in transcription regulation, DNA repair, DNA replication and chromosomal stability. DNA accessibility is regulated via a complex set of post-translational modifications of histones, also called histone code, and nucleosome remodeling
IMP4	3702.AT1G63780.1	0.5744460856720828	0.14183673469387756	rgb(239,199,117)	Small nucleolar ribonucleoprotein protein involved in ribosomal RNA processing. Located in nucleolus and cajal bodies
IREG3	3702.AT5G26820.1	0.14505169867060563	0.8508163265306123	rgb(117,136,239)	Solute carrier family 40 member 3, chloroplastic; Probable plastid transporter that may play a role in iron chelation, storage or sequestration under limiting iron conditions. In presence of exogenous antibiotics, may allow opportunistic entry of multiple aminoglycoside antibiotics into the chloroplast
KCS11	3702.AT2G26640.1	0.6761447562776958	0.7571428571428572	rgb(210,239,117)	Encodes KCS11, a member of the 3-ketoacyl-CoA synthase family involved in the biosynthesis of VLCFA (very long chain fatty acids); Belongs to the chalcone/stilbene synthases family
LHCA2	3702.AT3G61470.1	0.807754800590842	0.11551020408163266	rgb(117,239,167)	Photosystem I chlorophyll a/b-binding protein 2, chloroplastic; The light-harvesting complex (LHC) functions as a light receptor, it captures and delivers excitation energy to photosystems with which it is closely associated, here photosystem I
LHCB5	3702.AT4G10340.1	0.8250369276218612	0.16142857142857142	rgb(117,239,202)	Chlorophyll a-b binding protein CP26, chloroplastic; The light-harvesting complex (LHC) functions as a light receptor, it captures and delivers excitation energy to photosystems with which it is closely associated; Belongs to the light-harvesting chlorophyll a/b- binding (LHC) protein family
LPR1	3702.AT1G23010.1	0.6940915805022158	0.6769387755102041	rgb(239,141,117)	Cupredoxin superfamily protein; Multicopper oxidase that may be involved in copper homeostasis and oxidative stress response, and that is necessary for root growth inhibition by low phosphate conditions. Functions together with LPR2 and PDR2 in a common pathway that adjusts root meristem activity to phosphate availability. Oxidizes the substrate 2,2'-azinobis-(3-ethylbenzthiazoline-6-sulphonate) in vitro
MAN7	3702.AT5G66460.1	0.4056129985228951	0.7553061224489797	rgb(117,117,239)	Glycosyl hydrolase superfamily protein; Required for both, loosening of the micropylar endosperm, and rupture of the seed coat in germinating seeds. May participate in the hydrolysis of the mannans in the cell wall of germinating seeds
MES17	3702.AT3G10870.1	0.721344165435746	0.2263265306122449	rgb(149,239,117)	Encodes a methyl IAA esterase. Methyl IAA is believed to be an inactive form of auxin that needs to be demethylated to exert a biological effect. MES17 does not act on methyl JA, MeSA, MeGA4, or MEGA9 in vitro. This gene is expressed in several tissues of seedlings and adult plants, with a higher relative level of expression in the seedling shoot apex and the adult stem; Belongs to the AB hydrolase superfamily. Methylesterase family
MMD1	3702.AT1G66170.1	0.5179468242245199	0.7155102040816327	rgb(239,206,117)	RING/FYVE/PHD zinc finger superfamily protein; Encodes a PHD-domain containing protein required for male meiosis. Gene is expressed in developing male meiocytes and protein is localized to the nucleus
MPK9	3702.AT3G18040.1	0.268685376661743	0.35489795918367345	rgb(131,239,117)	Encodes a protein with similarity to MAP kinases (MAPK9).Expressed preferentially in guard cells and appears to be involved in reactive oxygen species mediated ABA signaling
NBR1	3702.AT4G24690.1	0.33714918759231904	0.36959183673469387	rgb(117,239,212)	Protein NBR1 homolog; Autophagic substrate degraded in the vacuole by non- selective autophagy. Requires ATG8 protein expression to be recognized as an autophagic substrate. Acts probably as a receptor for autophagosomal degradation of ubiquitinated proteins. Targets ubiquitinated protein aggregates derived from denatured or damaged non-native proteins generated under stress conditions. Functions additively with the E3 ubiquitin-protein ligase CHIP for autophagosomal degradation of proteotoxic agregates formed under stress conditions
NEET	3702.AT5G51720.1	0.721344165435746	0.5385714285714286	rgb(117,117,239)	CDGSH iron-sulfur domain-containing protein NEET; Plays a important role in plant development, senescence, reactive oxygen homeostasis, and iron metabolism. Acts as an iron- sulfur transfer protein
NFU4	3702.AT3G20970.1	0.7964549483013295	0.5281632653061225	rgb(128,239,117)	NifU-like protein 4, mitochondrial; Encodes a protein containing the NFU domain that may be involved in iron-sulfur cluster assembly. Part of a five member gene family, more closely related to NFU5 than to NFU1,2, and 3. Targeted to the mitochondrion; Belongs to the NifU family
NPH3	3702.AT5G64330.1	0.9021418020679469	0.35122448979591836	rgb(117,117,239)	Phototropic-responsive NPH3 family protein; May act as a substrate-specific adapter of an E3 ubiquitin-protein ligase complex (CUL3-RBX1-BTB) which mediates the ubiquitination and subsequent proteasomal degradation of target proteins (By similarity). Signal transducer of the phototropic response and photo-induced movements. Involved in the phot1 pathway under low blue light (LBL) fluence rate and in the phot2 pathway under higher fluence rate of blue light (HBL). Necessary for root and hypocotyl phototropisms, but not for the regulation of stomata opening. Not involved in chloroplast a [...] 
NPQ7	3702.AT1G65420.1	0.642245199409158	0.2991836734693878	rgb(239,203,117)	Protein of unknown function (DUF565); Chloroplast localized YCF20-like gene involved in nonphotochemical quenching. Has overlapping functions with npq6
NRPB6A	3702.AT5G51940.1	0.39697193500738553	0.22510204081632657	rgb(117,117,239)	DNA-directed RNA polymerases II, IV and V subunit 6A; DNA-dependent RNA polymerase catalyzes the transcription of DNA into RNA using the four ribonucleoside triphosphates as substrates. Component of RNA polymerase II which synthesizes mRNA precursors and many functional non-coding RNAs. Pol II is the central component of the basal RNA polymerase II transcription machinery. It is composed of mobile elements that move relative to each other. Component of RNA polymerases IV and V which mediate short-interfering RNAs (siRNA) accumulation and subsequent RNA- directed DNA methylation-depende [...] 
NRS/ER	3702.AT1G63000.1	0.8556129985228952	0.6046938775510204	rgb(239,196,117)	Bifunctional dTDP-4-dehydrorhamnose 3,5-epimerase/dTDP-4-dehydrorhamnose reductase; Bifunctional enzyme involved in dTDP-beta-L-rhamnose biosynthesis. Catalyzes the epimerization of the C3' and C5'positions of dTDP-6-deoxy-4-keto-alpha-D-glucose to form dTDP- 4-keto-beta-L-rhamnose and its reduction to yield dTDP-beta-L- rhamnose. Can form UDP-beta-L-rhamnose from UDP-6-deoxy-4-keto- alpha-D-glucose, but cannot convert GDP-4-dehydro-6-deoxy-D- mannose to GDP-fucose
NUDT16	3702.AT3G12600.1	0.3311669128508124	0.14918367346938777	rgb(138,239,117)	Nudix hydrolase 16, mitochondrial; Probably mediates the hydrolysis of some nucleoside diphosphate derivatives
NUDT9	3702.AT3G46200.1	0.13441654357459382	0.08551020408163265	rgb(117,239,126)	Nudix hydrolase homolog 9; Probably mediates the hydrolysis of some nucleoside diphosphate derivatives
NUDX26	3702.AT3G10620.1	0.19224519940915807	0.13938775510204082	rgb(152,239,117)	Nudix hydrolase 26, chloroplastic; Mediates the hydrolysis of some nucleoside diphosphate derivatives. Can use diadenosine 5',5'''-P(1)P(5) pentaphosphate (Ap(5)A), diadenosine 5',5'''-P(1)P(4) tetraphosphate (Ap(4)A) and diadenosine 5',5'''-P(1)P(3) triphosphate (Ap(3)A) as substrates; Belongs to the Nudix hydrolase family
PA2	3702.AT5G06720.1	0.8795420974889218	0.39285714285714285	rgb(117,211,239)	Peroxidase 53; Removal of H(2)O(2), oxidation of toxic reductants, biosynthesis and degradation of lignin, suberization, auxin catabolism, response to environmental stresses such as wounding, pathogen attack and oxidative stress. These functions might be dependent on each isozyme/isoform in each plant tissue; Belongs to the peroxidase family. Classical plant (class III) peroxidase subfamily
PAL1	3702.AT2G37040.1	0.6063515509601183	0.6353061224489797	rgb(190,239,117)	Phenylalanine ammonia-lyase 1; This is a key enzyme of plant metabolism catalyzing the first reaction in the biosynthesis from L-phenylalanine of a wide variety of natural products based on the phenylpropane skeleton; Belongs to the PAL/histidase family
PHT2;1	3702.AT3G26570.1	0.840989660265879	0.2869387755102041	rgb(118,239,117)	Inorganic phosphate transporter 2-1, chloroplastic; Low affinity H(+)/Pi chloroplastic cotransporter. Involved in inorganic phosphate (orthophosphate, Pi) uptake in green parts of plants in Pi-sufficient conditions. Required for Pi retranslocation during Pi deprivation
PSAF	3702.AT1G31330.1	0.8695716395864107	0.19632653061224492	rgb(239,165,117)	Photosystem I reaction center subunit III, chloroplastic; Participates in efficiency of electron transfer from plastocyanin to P700 (or cytochrome c553 in algae and cyanobacteria). This plastocyanin-docking protein contributes to the specific association of plastocyanin to PSI
PSBP-1	3702.AT1G06680.1	0.7406203840472675	0.18285714285714288	rgb(14,178,0)	Oxygen-evolving enhancer protein 2-1, chloroplastic; Encodes a 23 kD extrinsic protein that is part of photosystem II and participates in the regulation of oxygen evolution; Belongs to the psbP family
RAB8C	3702.AT5G03520.1	0.7778434268833089	0.8300000000000001	rgb(117,228,239)	Ras-related protein RABE1d; Involved in membrane trafficking from the Golgi to the plasma membrane; Belongs to the small GTPase superfamily. Rab family
RPL4	3702.AT1G07320.1	0.5731166912850814	0.24897959183673468	rgb(0,178,157)	50S ribosomal protein L4, chloroplastic; This protein binds directly and specifically to 23S rRNA (By similarity). May play a role in plastid transcriptional regulation; Belongs to the universal ribosomal protein uL4 family
RPOA	3702.ATCG00740.1	0.5179468242245199	0.15040816326530612	rgb(117,117,239)	DNA-directed RNA polymerase subunit alpha; DNA-dependent RNA polymerase catalyzes the transcription of DNA into RNA using the four ribonucleoside triphosphates as substrates
RPT3	3702.AT5G58290.1	0.36706056129985226	0.3793877551020408	rgb(117,117,239)	26S proteasome regulatory subunit 6B homolog; The 26S proteasome is involved in the ATP-dependent degradation of ubiquitinated proteins. The regulatory (or ATPase) complex confers ATP dependency and substrate specificity to the 26S complex
SAD2	3702.AT2G31660.1	0.29926144756277695	0.25265306122448977	rgb(200,239,117)	ARM repeat superfamily protein; SAD2 (super sensitive to ABA and drought 2) encodes an importin beta-domain family protein likely to be involved in nuclear transport in ABA signaling.  Subcellular localization of GFP-tagged SAD2 showed a predominantly nuclear localization, consistent with a role for SAD2 in nuclear transport.  Mutation of SAD2 in Arabidopsis alters abscisic acid sensitivity.  SAD2 was ubiquitously expressed at low levels in all tissues except flowers.  SAD2 expression was not induced by ABA or stress. Loss of function mutations in SAD2 exhibit increased tolerance for U [...] 
SAM-2	3702.AT4G01850.1	0.5132939438700148	0.5502040816326531	rgb(117,239,181)	S-adenosylmethionine synthetase 2; Catalyzes the formation of S-adenosylmethionine from methionine and ATP. The reaction comprises two steps that are both catalyzed by the same enzyme: formation of S-adenosylmethionine (AdoMet) and triphosphate, and subsequent hydrolysis of the triphosphate
SCL3	3702.AT1G50420.1	0.4501477104874446	0.3824489795918367	rgb(239,182,117)	Encodes a scarecrow-like protein (SCL3) Putative transcription factors interacting with the gene product of VHA-B1 (vacuolar ATPase subunit B1; as shown through yeast two-hybrid assay); Belongs to the GRAS family
SETH3	3702.AT3G54690.1	0.8456425406203841	0.7883673469387755	rgb(117,239,154)	Probable arabinose 5-phosphate isomerase; Catalyzes the reversible aldol-ketol isomerization between D-ribulose 5-phosphate (Ru5P) and D-arabinose 5-phosphate (A5P)
SKP1	3702.AT1G75950.1	0.25805022156573115	0.456530612244898	rgb(239,234,117)	S phase kinase-associated protein 1; Involved in ubiquitination and subsequent proteasomal degradation of target proteins. Together with CUL1, RBX1 and a F- box protein, it forms a SCF E3 ubiquitin ligase complex. The functional specificity of this complex depends on the type of F- box protein. In the SCF complex, it serves as an adapter that links the F-box protein to CUL1. SCF(UFO) is required for vegetative and floral organ development as well as for male gametogenesis. SCF(TIR1) is involved in auxin signaling pathway. SCF(COI1) regulates responses to jasmonates. SCF(EID1) and SCF(A [...] 
SPDS1	3702.AT1G23820.1	0.43552437223042834	0.5055102040816326	rgb(239,144,117)	Spermidine synthase
STO	3702.AT1G06040.1	0.5857459379615954	0.569795918367347	rgb(187,255,101)	B-box zinc finger family protein; Acts as negative regulator of seedling photomorphogenesis and light-regulated inhibition of hypocotyl elongation. BBX24/STO and BBX25/STH function as transcriptional corepressors of HY5 activity, leading to the down-regulation of BBX22 expression. BBX24/STO acts additively with BBX25/STH during de- etiolation and the hypocotyl shade avoidance response. Functions as negative regulator of photomorphogenic UV-B responses by interacting with both COP1 and HY5. May act as a transcription factor in the salt-stress response
SUT2	3702.AT2G02860.1	0.26935007385524373	0.6738775510204081	rgb(231,239,117)	Sucrose transport protein SUC3; Responsible for the transport of sucrose into the cell, with the concomitant uptake of protons (symport system). Can also transport maltose at a lesser rate. May also transport biotin. Probably involved in carpel maturation that leads to pod shatter and seed dispersal; Belongs to the glycoside-pentoside-hexuronide (GPH) cation symporter transporter (TC 2.A.2.4) family
SYP41	3702.AT5G26980.1	0.7366322008862629	0.32	rgb(117,132,239)	Syntaxin of plants 41; Vesicle trafficking protein that functions in the secretory pathway; Belongs to the syntaxin family
THFS	3702.AT1G50480.1	0.6409158050221566	0.5404081632653062	rgb(239,186,117)	10-formyltetrahydrofolate synthetase (THFS) mRNA, complete
THO1	3702.AT5G09860.1	0.5697932053175776	0.3157142857142857	rgb(117,204,239)	Nuclear matrix protein-related; Acts as component of the THO subcomplex of the TREX complex which is thought to couple mRNA transcription, processing and nuclear export. Contributes to the integrity of the endogenous trans-acting small interfering RNA (ta-siRNA) pathway. May process or transport a long RNA molecule so that it can be a template for secondary siRNA production. May participate in the trafficking of siRNA precursors to the ARGONAUTE catalytic center. Required for the generation of functional messenger ribonucleoproteins (mRNPs). Plays an important roles in plant innate immunity
THO7A	3702.AT5G16790.1	0.5691285081240769	0.26857142857142857	rgb(117,173,239)	Tho complex subunit 7/Mft1p; Encodes a component of the putative Arabidopsis THO/TREX complex: THO1 or HPR1 (At5g09860), THO2 (At1g24706), THO3 or TEX1 (At5g56130), THO5 (At5g42920, At1g45233), THO6 (At2g19430), and THO7 (At5g16790, At3g02950). THO/TREX complexes in animals have been implicated in the transport of mRNA precursors.  Mutants of THO3/TEX1, THO1, THO6 accumulate reduced amount of small interfering (si)RNA, suggesting a role of the putative Arabidopsis THO/TREX in siRNA biosynthesis
TRXF2	3702.AT5G16400.1	0.8968242245199409	0.1326530612244898	rgb(117,177,239)	Thioredoxin F2, chloroplastic; Probable thiol-disulfide oxidoreductase involved in the redox regulation of enzymes of both reductive pentose phosphate pathway (Calvin-Benson cycle) and oxidative pentose phosphate pathway
TT4	3702.AT5G13930.1	0.5977104874446086	0.719795918367347	rgb(117,191,239)	Chalcone and stilbene synthase family protein; Encodes chalcone synthase (CHS), a key enzyme involved in the biosynthesis of flavonoids.  Required for the accumulation of purple anthocyanins in leaves and stems. Also involved in the regulation of auxin transport and the modulation of root gravitropism
TT8	3702.AT4G09820.1	0.5505169867060562	0.7424489795918368	rgb(117,239,195)	Basic helix-loop-helix (bHLH) DNA-binding superfamily protein; TT8 is a regulation factor that acts in a concerted action with TT1, PAP1 and TTG1 on the regulation of flavonoid pathways, namely proanthocyanidin and anthocyanin biosynthesis.  Affects dihydroflavonol 4-reductase gene expression. It is thought that a ternary complex composed of TT2, TT8 and TTG1 is necessary for correct expression of BAN in seed endothelium. Also important for important for marginal trichome development
UBA2	3702.AT5G06460.1	0.3358197932053176	0.4295918367346939	rgb(117,215,239)	Ubiquitin-activating enzyme E1 2; Activates ubiquitin by first adenylating its C-terminal glycine residue with ATP, and thereafter linking this residue to the side chain of a cysteine residue in E1, yielding a ubiquitin- E1 thioester and free AMP
UBQ1	3702.AT3G52590.1	0.36041358936484486	0.27163265306122447	rgb(117,239,143)	Ubiquitin-60S ribosomal protein L40-1; Ubiquitin: exists either covalently attached to another protein, or free (unanchored). When covalently bound, it is conjugated to target proteins via an isopeptide bond either as a monomer (monoubiquitin), a polymer linked via different Lys residues of the ubiquitin (polyubiquitin chains) or a linear polymer linked via the initiator Met of the ubiquitin (linear polyubiquitin chains). Polyubiquitin chains, when attached to a target protein, have different functions depending on the Lys residue of the ubiquitin that is linked: Lys-11-linked is invol [...] 
UDG4	3702.AT5G39320.1	0.7426144756277696	0.5655102040816327	rgb(117,119,239)	UDP-glucose 6-dehydrogenase family protein; Involved in the biosynthesis of UDP-glucuronic acid (UDP-GlcA), providing nucleotide sugars for cell-wall polymers; Belongs to the UDP-glucose/GDP-mannose dehydrogenase family
VIK	3702.AT1G14000.1	0.9167651403249631	0.7510204081632653	rgb(239,124,117)	VH1-interacting kinase; Encodes a protein with similarity to members of the C1 subgroup of MAP kinase kinase kinases. Interacts physically with the receptor kinase BRL2/VH1 and appears to be involved in auxin and brassinosteriod signaling
XTH9	3702.AT4G03210.1	0.3796898079763663	0.8306122448979593	rgb(117,239,185)	Encodes a member of xyloglucan endotransglucosylase/hydrolases (XTHs) that catalyze the cleavage and molecular grafting of xyloglucan chains function in loosening and rearrangement of the cell wall. Gene is expressed in shoot apex region, flower buds, flower stalks and internodes bearing flowers; Belongs to the glycosyl hydrolase 16 family. XTH group 1 subfamily
Y14	3702.AT1G51510.1	0.5053175775480059	0.27408163265306124	rgb(239,189,117)	RNA-binding (RRM/RBD/RNP motifs) family protein; Core component of the splicing-dependent multiprotein exon junction complex (EJC) deposited at splice junctions on mRNAs. The EJC is a dynamic structure consisting of core proteins and several peripheral nuclear and cytoplasmic associated factors that join the complex only transiently either during EJC assembly or during subsequent mRNA metabolism. The EJC marks the position of the exon-exon junction in the mature mRNA for the gene expression machinery and the core components remain bound to spliced mRNAs throughout all stages of mRNA me [...] 
emb1187	3702.AT2G26830.1	0.558493353028065	0.5379591836734694	rgb(207,239,117)	Protein kinase superfamily protein; Involved in phospholipid biosynthesis. Catalyzes the first step in phosphatidylethanolamine biosynthesis (By similarity)
